planner_key,algo,scenario_family,scenario_id,episodes,success_mean,collisions_mean,ped_collision_count_mean,obstacle_collision_count_mean,total_collision_count_mean,near_misses_mean,time_to_goal_norm_mean,path_efficiency_mean,comfort_exposure_mean,jerk_mean,snqi_mean
goal,goal,bottleneck,classic_bottleneck_high,3,0.0000,0.0000,0.0000,0.0000,0.0000,0.0000,1.0000,1.0000,0.0000,,'-0.0949
goal,goal,bottleneck,classic_bottleneck_low,3,0.0000,0.0000,0.0000,0.0000,0.0000,0.0000,1.0000,1.0000,0.0000,,'-0.0949
goal,goal,bottleneck,classic_bottleneck_medium,3,0.0000,0.0000,0.0000,0.0000,0.0000,0.0000,1.0000,1.0000,0.0000,,'-0.0949
goal,goal,cross_trap,classic_cross_trap_high,3,0.0000,0.3333,0.0000,0.0000,0.0000,11.0000,1.0000,1.0000,0.2011,,'-0.3018
goal,goal,cross_trap,classic_cross_trap_low,3,0.0000,0.0000,0.0000,0.0000,0.0000,11.3333,1.0000,1.0000,0.0189,,'-0.2092
goal,goal,cross_trap,classic_cross_trap_medium,3,0.0000,0.3333,0.0000,0.0000,0.0000,6.6667,1.0000,1.0000,0.0143,,'-0.2143
goal,goal,doorway,classic_doorway_high,3,0.0000,1.0000,0.0000,0.0000,0.0000,14.6667,1.0000,1.0000,0.0161,,'-0.4170
goal,goal,doorway,classic_doorway_low,3,0.0000,1.0000,0.0000,0.0000,0.0000,3.3333,1.0000,1.0000,0.0246,,'-0.2362
goal,goal,doorway,classic_doorway_medium,3,0.0000,1.0000,0.0000,0.0000,0.0000,6.6667,1.0000,1.0000,0.0135,,'-0.2286
goal,goal,group_crossing,classic_group_crossing_high,3,0.0000,0.6667,0.0000,0.0000,0.0000,15.3333,1.0000,1.0000,0.0289,,'-0.3088
goal,goal,group_crossing,classic_group_crossing_low,3,0.0000,0.0000,0.0000,0.0000,0.0000,0.0000,1.0000,1.0000,0.0067,,'-0.0997
goal,goal,group_crossing,classic_group_crossing_medium,3,0.0000,0.0000,0.0000,0.0000,0.0000,7.0000,1.0000,1.0000,0.0300,,'-0.2259
goal,goal,head_on_corridor,classic_head_on_corridor_low,3,0.0000,0.0000,0.0000,0.0000,0.0000,0.0000,1.0000,1.0000,0.0083,,'-0.1253
goal,goal,head_on_corridor,classic_head_on_corridor_medium,3,0.0000,0.0000,0.0000,0.0000,0.0000,0.0000,1.0000,1.0000,0.0358,,'-0.1639
goal,goal,merging,classic_merging_low,3,0.0000,0.0000,0.0000,0.0000,0.0000,0.0000,1.0000,1.0000,0.0678,,'-0.1494
goal,goal,merging,classic_merging_medium,3,0.0000,0.0000,0.0000,0.0000,0.0000,0.0000,1.0000,1.0000,0.0333,,'-0.1372
goal,goal,overtaking,classic_overtaking_low,3,0.0000,0.0000,0.0000,0.0000,0.0000,0.0000,1.0000,1.0000,0.0500,,'-0.3645
goal,goal,overtaking,classic_overtaking_medium,3,0.0000,0.0000,0.0000,0.0000,0.0000,0.0000,1.0000,1.0000,0.0250,,'-0.3716
goal,goal,bottleneck,classic_realworld_double_bottleneck_high,3,0.0000,0.0000,0.0000,0.0000,0.0000,1.0000,1.0000,1.0000,0.0000,,'-0.1096
goal,goal,station_platform,classic_station_platform_medium,3,0.0000,0.0000,0.0000,0.0000,0.0000,12.0000,1.0000,1.0000,0.0097,,'-0.2338
goal,goal,t_intersection,classic_t_intersection_low,3,0.0000,0.0000,0.0000,0.0000,0.0000,0.0000,1.0000,1.0000,0.0283,,'-0.1092
goal,goal,t_intersection,classic_t_intersection_medium,3,0.0000,0.0000,0.0000,0.0000,0.0000,0.0000,1.0000,1.0000,0.0567,,'-0.1540
goal,goal,crossing,classic_urban_crossing_medium,3,0.0000,0.0000,0.0000,0.0000,0.0000,0.0000,1.0000,1.0000,0.0113,,'-0.1170
goal,goal,accompanying_peer,francis2023_accompanying_peer,3,0.0000,0.0000,0.0000,0.0000,0.0000,0.0000,1.0000,1.0000,0.0100,,'-0.1023
goal,goal,blind_corner,francis2023_blind_corner,3,0.0000,0.0000,0.0000,0.0000,0.0000,0.0000,1.0000,1.0000,0.0000,,'-0.1111
goal,goal,circular_crossing,francis2023_circular_crossing,3,0.0000,0.3333,0.0000,0.0000,0.0000,1.3333,1.0000,1.0000,0.1856,,'-0.1639
goal,goal,crowd_navigation,francis2023_crowd_navigation,3,0.0000,0.3333,0.0000,0.0000,0.0000,7.6667,1.0000,1.0000,0.0822,,'-0.2773
goal,goal,down_path,francis2023_down_path,3,0.0000,0.0000,0.0000,0.0000,0.0000,0.0000,1.0000,1.0000,0.0000,,'-0.1005
goal,goal,entering_elevator,francis2023_entering_elevator,3,0.6667,0.3333,0.0000,0.0000,0.0000,0.0000,0.9067,1.0000,0.0000,,0.0409
goal,goal,entering_room,francis2023_entering_room,3,0.0000,0.3333,0.0000,0.0000,0.0000,0.0000,1.0000,1.0000,0.0000,,'-0.0949
goal,goal,exiting_elevator,francis2023_exiting_elevator,3,0.0000,1.0000,0.0000,0.0000,0.0000,6.6667,1.0000,1.0000,0.0000,,'-0.1928
goal,goal,exiting_room,francis2023_exiting_room,3,0.0000,0.3333,0.0000,0.0000,0.0000,0.0000,1.0000,1.0000,0.0000,,'-0.0949
goal,goal,following_human,francis2023_following_human,3,0.0000,0.0000,0.0000,0.0000,0.0000,3.0000,1.0000,1.0000,0.0100,,'-0.1463
goal,goal,frontal_approach,francis2023_frontal_approach,3,0.0000,0.0000,0.0000,0.0000,0.0000,0.0000,1.0000,1.0000,0.0000,,'-0.0949
goal,goal,intersection_no_gesture,francis2023_intersection_no_gesture,3,0.0000,0.0000,0.0000,0.0000,0.0000,0.0000,1.0000,1.0000,0.0000,,'-0.0949
goal,goal,intersection_proceed,francis2023_intersection_proceed,3,0.0000,0.0000,0.0000,0.0000,0.0000,0.0000,1.0000,1.0000,0.0000,,'-0.0949
goal,goal,intersection_wait,francis2023_intersection_wait,3,0.0000,0.0000,0.0000,0.0000,0.0000,0.0000,1.0000,1.0000,0.0000,,'-0.0949
goal,goal,join_group,francis2023_join_group,3,0.0000,1.0000,0.0000,0.0000,0.0000,5.0000,1.0000,1.0000,0.0118,,'-0.1733
goal,goal,leading_human,francis2023_leading_human,3,0.0000,0.0000,0.0000,0.0000,0.0000,0.0000,1.0000,1.0000,0.0100,,'-0.1023
goal,goal,leave_group,francis2023_leave_group,3,0.0000,1.0000,0.0000,0.0000,0.0000,5.3333,1.0000,1.0000,0.0000,,'-0.1732
goal,goal,narrow_doorway,francis2023_narrow_doorway,3,0.0000,0.0000,0.0000,0.0000,0.0000,0.0000,1.0000,1.0000,0.0000,,'-0.0949
goal,goal,narrow_hallway,francis2023_narrow_hallway,3,0.0000,0.0000,0.0000,0.0000,0.0000,0.0000,1.0000,1.0000,0.0200,,'-0.0999
goal,goal,parallel_traffic,francis2023_parallel_traffic,3,0.0000,0.0000,0.0000,0.0000,0.0000,0.0000,1.0000,1.0000,0.0667,,'-0.1723
goal,goal,pedestrian_obstruction,francis2023_pedestrian_obstruction,3,0.0000,0.0000,0.0000,0.0000,0.0000,0.0000,1.0000,1.0000,0.0000,,'-0.0949
goal,goal,pedestrian_overtaking,francis2023_pedestrian_overtaking,3,0.0000,0.0000,0.0000,0.0000,0.0000,0.0000,1.0000,1.0000,0.0633,,'-0.1138
goal,goal,perpendicular_traffic,francis2023_perpendicular_traffic,3,0.0000,0.3333,0.0000,0.0000,0.0000,4.6667,1.0000,1.0000,0.0097,,'-0.1732
goal,goal,robot_crowding,francis2023_robot_crowding,3,0.0000,1.0000,0.0000,0.0000,0.0000,7.6667,1.0000,1.0000,0.2034,,'-0.3136
goal,goal,robot_overtaking,francis2023_robot_overtaking,3,0.0000,1.0000,0.0000,0.0000,0.0000,9.3333,1.0000,1.0000,0.0726,,'-0.2511
orca,orca,bottleneck,classic_bottleneck_high,3,0.0000,0.0000,0.0000,0.0000,0.0000,0.0000,1.0000,1.0000,0.0000,,'-0.1212
orca,orca,bottleneck,classic_bottleneck_low,3,0.0000,0.0000,0.0000,0.0000,0.0000,0.0000,1.0000,1.0000,0.0000,,'-0.0949
orca,orca,bottleneck,classic_bottleneck_medium,3,0.0000,0.0000,0.0000,0.0000,0.0000,0.0000,1.0000,1.0000,0.0000,,'-0.2083
orca,orca,cross_trap,classic_cross_trap_high,3,0.0000,0.3333,0.0000,0.0000,0.0000,5.6667,1.0000,1.0000,0.2028,,'-0.2477
orca,orca,cross_trap,classic_cross_trap_low,3,0.0000,0.0000,0.0000,0.0000,0.0000,2.3333,1.0000,1.0000,0.0200,,'-0.1495
orca,orca,cross_trap,classic_cross_trap_medium,3,0.0000,0.0000,0.0000,0.0000,0.0000,6.0000,1.0000,1.0000,0.0129,,'-0.2121
orca,orca,doorway,classic_doorway_high,3,0.0000,0.0000,0.0000,0.0000,0.0000,19.3333,1.0000,1.0000,0.0081,,'-0.7786
orca,orca,doorway,classic_doorway_low,3,0.3333,0.3333,0.0000,0.0000,0.0000,16.3333,0.9600,1.0000,0.0227,,'-1.2102
orca,orca,doorway,classic_doorway_medium,3,0.0000,0.0000,0.0000,0.0000,0.0000,3.6667,1.0000,1.0000,0.0061,,'-0.2696
orca,orca,group_crossing,classic_group_crossing_high,3,0.6667,0.0000,0.0000,0.0000,0.0000,12.0000,0.8667,1.0000,0.0178,,'-0.1908
orca,orca,group_crossing,classic_group_crossing_low,3,1.0000,0.0000,0.0000,0.0000,0.0000,0.0000,0.8967,1.0000,0.0077,,0.1026
orca,orca,group_crossing,classic_group_crossing_medium,3,1.0000,0.0000,0.0000,0.0000,0.0000,2.3333,0.8767,1.0000,0.0327,,0.0572
orca,orca,head_on_corridor,classic_head_on_corridor_low,3,0.0000,0.0000,0.0000,0.0000,0.0000,2.6667,1.0000,1.0000,0.0083,,'-0.1374
orca,orca,head_on_corridor,classic_head_on_corridor_medium,3,0.0000,0.0000,0.0000,0.0000,0.0000,6.6667,1.0000,1.0000,0.0358,,'-0.2198
orca,orca,merging,classic_merging_low,3,0.0000,0.0000,0.0000,0.0000,0.0000,0.0000,1.0000,1.0000,0.0678,,'-0.2460
orca,orca,merging,classic_merging_medium,3,0.0000,0.0000,0.0000,0.0000,0.0000,0.0000,1.0000,1.0000,0.0333,,'-0.4348
orca,orca,overtaking,classic_overtaking_low,3,0.0000,0.0000,0.0000,0.0000,0.0000,0.0000,1.0000,1.0000,0.0500,,'-0.2077
orca,orca,overtaking,classic_overtaking_medium,3,0.0000,0.0000,0.0000,0.0000,0.0000,6.6667,1.0000,1.0000,0.0250,,'-0.3894
orca,orca,bottleneck,classic_realworld_double_bottleneck_high,3,0.0000,0.0000,0.0000,0.0000,0.0000,17.6667,1.0000,1.0000,0.0000,,'-0.3401
orca,orca,station_platform,classic_station_platform_medium,3,0.0000,0.0000,0.0000,0.0000,0.0000,19.3333,1.0000,1.0000,0.0085,,'-0.3997
orca,orca,t_intersection,classic_t_intersection_low,3,0.0000,0.0000,0.0000,0.0000,0.0000,0.0000,1.0000,1.0000,0.0283,,'-0.1684
orca,orca,t_intersection,classic_t_intersection_medium,3,0.0000,0.0000,0.0000,0.0000,0.0000,0.0000,1.0000,1.0000,0.0567,,'-0.1881
orca,orca,crossing,classic_urban_crossing_medium,3,0.0000,0.0000,0.0000,0.0000,0.0000,0.0000,1.0000,1.0000,0.0113,,'-0.1035
orca,orca,accompanying_peer,francis2023_accompanying_peer,3,0.0000,0.0000,0.0000,0.0000,0.0000,0.0000,1.0000,1.0000,0.0100,,'-0.0967
orca,orca,blind_corner,francis2023_blind_corner,3,0.0000,0.0000,0.0000,0.0000,0.0000,0.0000,1.0000,1.0000,0.0000,,'-0.0987
orca,orca,circular_crossing,francis2023_circular_crossing,3,0.6667,0.3333,0.0000,0.0000,0.0000,1.0000,0.7667,1.0000,0.1975,,'-0.0403
orca,orca,crowd_navigation,francis2023_crowd_navigation,3,0.0000,0.0000,0.0000,0.0000,0.0000,10.0000,1.0000,1.0000,0.0833,,'-0.8878
orca,orca,down_path,francis2023_down_path,3,0.0000,0.0000,0.0000,0.0000,0.0000,0.0000,1.0000,1.0000,0.0000,,'-0.0949
orca,orca,entering_elevator,francis2023_entering_elevator,3,0.3333,0.0000,0.0000,0.0000,0.0000,0.0000,0.9367,1.0000,0.0000,,'-0.1581
orca,orca,entering_room,francis2023_entering_room,3,1.0000,0.0000,0.0000,0.0000,0.0000,0.0000,0.7400,1.0000,0.0000,,0.1202
orca,orca,exiting_elevator,francis2023_exiting_elevator,3,0.0000,0.0000,0.0000,0.0000,0.0000,11.0000,1.0000,1.0000,0.0000,,'-0.6476
orca,orca,exiting_room,francis2023_exiting_room,3,1.0000,0.0000,0.0000,0.0000,0.0000,0.0000,0.8967,1.0000,0.0000,,0.0797
orca,orca,following_human,francis2023_following_human,3,0.0000,0.0000,0.0000,0.0000,0.0000,0.0000,1.0000,1.0000,0.0100,,'-0.0967
orca,orca,frontal_approach,francis2023_frontal_approach,3,0.0000,0.0000,0.0000,0.0000,0.0000,0.0000,1.0000,1.0000,0.0000,,'-0.0949
orca,orca,intersection_no_gesture,francis2023_intersection_no_gesture,3,0.3333,0.0000,0.0000,0.0000,0.0000,0.0000,0.9967,1.0000,0.0000,,'-0.0311
orca,orca,intersection_proceed,francis2023_intersection_proceed,3,0.3333,0.0000,0.0000,0.0000,0.0000,0.0000,0.9967,1.0000,0.0000,,'-0.0311
orca,orca,intersection_wait,francis2023_intersection_wait,3,0.3333,0.0000,0.0000,0.0000,0.0000,0.0000,0.9967,1.0000,0.0000,,'-0.0311
orca,orca,join_group,francis2023_join_group,3,1.0000,0.0000,0.0000,0.0000,0.0000,21.3333,0.6367,1.0000,0.0798,,'-0.2552
orca,orca,leading_human,francis2023_leading_human,3,0.0000,0.0000,0.0000,0.0000,0.0000,0.0000,1.0000,1.0000,0.0100,,'-0.0967
orca,orca,leave_group,francis2023_leave_group,3,0.6667,0.3333,0.0000,0.0000,0.0000,21.3333,0.7533,1.0000,0.0847,,'-0.2678
orca,orca,narrow_doorway,francis2023_narrow_doorway,3,0.0000,0.0000,0.0000,0.0000,0.0000,0.0000,1.0000,1.0000,0.0000,,'-0.4117
orca,orca,narrow_hallway,francis2023_narrow_hallway,3,0.0000,0.0000,0.0000,0.0000,0.0000,0.0000,1.0000,1.0000,0.0200,,'-1.0093
orca,orca,parallel_traffic,francis2023_parallel_traffic,3,0.0000,0.0000,0.0000,0.0000,0.0000,6.6667,1.0000,1.0000,0.0696,,'-0.2708
orca,orca,pedestrian_obstruction,francis2023_pedestrian_obstruction,3,0.0000,0.0000,0.0000,0.0000,0.0000,0.0000,1.0000,1.0000,0.0000,,'-0.0949
orca,orca,pedestrian_overtaking,francis2023_pedestrian_overtaking,3,0.0000,0.0000,0.0000,0.0000,0.0000,0.0000,1.0000,1.0000,0.0800,,'-0.1192
orca,orca,perpendicular_traffic,francis2023_perpendicular_traffic,3,0.0000,0.0000,0.0000,0.0000,0.0000,3.0000,1.0000,1.0000,0.0081,,'-0.1470
orca,orca,robot_crowding,francis2023_robot_crowding,3,0.0000,0.3333,0.0000,0.0000,0.0000,29.0000,1.0000,1.0000,0.1807,,'-1.2204
orca,orca,robot_overtaking,francis2023_robot_overtaking,3,0.0000,0.0000,0.0000,0.0000,0.0000,11.6667,1.0000,1.0000,0.0000,,'-0.2662
ppo,ppo,bottleneck,classic_bottleneck_high,3,0.0000,0.3333,0.0000,0.0000,0.0000,0.0000,1.0000,1.0000,0.0000,,'-0.2451
ppo,ppo,bottleneck,classic_bottleneck_low,3,0.0000,0.0000,0.0000,0.0000,0.0000,0.0000,1.0000,1.0000,0.0000,,'-0.2437
ppo,ppo,bottleneck,classic_bottleneck_medium,3,0.0000,0.0000,0.0000,0.0000,0.0000,5.0000,1.0000,1.0000,0.0000,,'-0.3248
ppo,ppo,cross_trap,classic_cross_trap_high,3,0.0000,0.3333,0.0000,0.0000,0.0000,12.6667,1.0000,0.9342,0.2025,,'-0.4551
ppo,ppo,cross_trap,classic_cross_trap_low,3,0.0000,0.0000,0.0000,0.0000,0.0000,1.0000,1.0000,1.0000,0.0200,,'-0.2848
ppo,ppo,cross_trap,classic_cross_trap_medium,3,0.0000,0.0000,0.0000,0.0000,0.0000,7.3333,1.0000,0.9702,0.0121,,'-0.3715
ppo,ppo,doorway,classic_doorway_high,3,0.3333,0.3333,0.0000,0.0000,0.0000,17.0000,0.9067,1.0000,0.0122,,'-1.1632
ppo,ppo,doorway,classic_doorway_low,3,0.6667,0.0000,0.0000,0.0000,0.0000,9.6667,0.9733,1.0000,0.0354,,'-0.7953
ppo,ppo,doorway,classic_doorway_medium,3,0.3333,0.3333,0.0000,0.0000,0.0000,9.0000,0.9333,1.0000,0.0154,,'-0.7224
ppo,ppo,group_crossing,classic_group_crossing_high,3,1.0000,0.0000,0.0000,0.0000,0.0000,3.3333,0.8167,1.0000,0.0132,,'-0.1251
ppo,ppo,group_crossing,classic_group_crossing_low,3,0.6667,0.0000,0.0000,0.0000,0.0000,0.0000,0.9033,1.0000,0.0078,,'-0.1736
ppo,ppo,group_crossing,classic_group_crossing_medium,3,0.6667,0.0000,0.0000,0.0000,0.0000,0.0000,0.8867,1.0000,0.0327,,'-0.1694
ppo,ppo,head_on_corridor,classic_head_on_corridor_low,3,0.0000,0.0000,0.0000,0.0000,0.0000,0.3333,1.0000,1.0000,0.0083,,'-0.2132
ppo,ppo,head_on_corridor,classic_head_on_corridor_medium,3,0.0000,0.0000,0.0000,0.0000,0.0000,0.0000,1.0000,1.0000,0.0358,,'-0.2625
ppo,ppo,merging,classic_merging_low,3,0.0000,0.0000,0.0000,0.0000,0.0000,0.0000,1.0000,1.0000,0.0678,,'-0.2324
ppo,ppo,merging,classic_merging_medium,3,0.0000,0.0000,0.0000,0.0000,0.0000,1.6667,1.0000,0.7042,0.0333,,'-0.2638
ppo,ppo,overtaking,classic_overtaking_low,3,0.0000,0.0000,0.0000,0.0000,0.0000,0.0000,1.0000,1.0000,0.0500,,'-0.3572
ppo,ppo,overtaking,classic_overtaking_medium,3,0.0000,0.0000,0.0000,0.0000,0.0000,0.0000,1.0000,1.0000,0.0250,,'-0.3340
ppo,ppo,bottleneck,classic_realworld_double_bottleneck_high,3,0.0000,0.3333,0.0000,0.0000,0.0000,20.3333,1.0000,1.0000,0.0000,,'-0.7194
ppo,ppo,station_platform,classic_station_platform_medium,3,0.0000,0.0000,0.0000,0.0000,0.0000,0.0000,1.0000,0.8752,0.0082,,'-0.2490
ppo,ppo,t_intersection,classic_t_intersection_low,3,0.0000,0.3333,0.0000,0.0000,0.0000,0.0000,1.0000,1.0000,0.0283,,'-0.3019
ppo,ppo,t_intersection,classic_t_intersection_medium,3,0.0000,0.0000,0.0000,0.0000,0.0000,0.0000,1.0000,1.0000,0.0567,,'-0.3713
ppo,ppo,crossing,classic_urban_crossing_medium,3,0.0000,0.0000,0.0000,0.0000,0.0000,0.0000,1.0000,1.0000,0.0113,,'-0.2194
ppo,ppo,accompanying_peer,francis2023_accompanying_peer,3,0.0000,0.0000,0.0000,0.0000,0.0000,0.0000,1.0000,1.0000,0.0100,,'-0.1003
ppo,ppo,blind_corner,francis2023_blind_corner,3,0.0000,0.3333,0.0000,0.0000,0.0000,0.0000,1.0000,1.0000,0.0000,,'-0.2512
ppo,ppo,circular_crossing,francis2023_circular_crossing,3,0.6667,0.3333,0.0000,0.0000,0.0000,0.6667,0.6967,1.0000,0.1964,,'-0.1323
ppo,ppo,crowd_navigation,francis2023_crowd_navigation,3,0.0000,0.0000,0.0000,0.0000,0.0000,15.0000,1.0000,1.0000,0.0830,,'-0.5435
ppo,ppo,down_path,francis2023_down_path,3,0.0000,0.0000,0.0000,0.0000,0.0000,0.0000,1.0000,1.0000,0.0000,,'-0.1070
ppo,ppo,entering_elevator,francis2023_entering_elevator,3,1.0000,0.0000,0.0000,0.0000,0.0000,0.0000,0.4433,1.0000,0.0000,,'-0.0938
ppo,ppo,entering_room,francis2023_entering_room,3,1.0000,0.0000,0.0000,0.0000,0.0000,0.0000,0.7467,1.0000,0.0000,,'-0.0919
ppo,ppo,exiting_elevator,francis2023_exiting_elevator,3,1.0000,0.0000,0.0000,0.0000,0.0000,11.0000,0.5467,1.0000,0.0000,,'-0.2959
ppo,ppo,exiting_room,francis2023_exiting_room,3,1.0000,0.0000,0.0000,0.0000,0.0000,0.0000,0.8233,1.0000,0.0000,,'-0.0951
ppo,ppo,following_human,francis2023_following_human,3,0.0000,0.0000,0.0000,0.0000,0.0000,0.0000,1.0000,1.0000,0.0100,,'-0.1005
ppo,ppo,frontal_approach,francis2023_frontal_approach,3,0.0000,0.0000,0.0000,0.0000,0.0000,0.0000,1.0000,1.0000,0.0000,,'-0.1027
ppo,ppo,intersection_no_gesture,francis2023_intersection_no_gesture,3,0.3333,0.0000,0.0000,0.0000,0.0000,0.0000,0.9967,1.0000,0.0000,,'-0.2399
ppo,ppo,intersection_proceed,francis2023_intersection_proceed,3,0.3333,0.0000,0.0000,0.0000,0.0000,0.0000,0.9967,1.0000,0.0000,,'-0.2392
ppo,ppo,intersection_wait,francis2023_intersection_wait,3,0.3333,0.0000,0.0000,0.0000,0.0000,0.0000,0.9967,1.0000,0.0000,,'-0.2392
ppo,ppo,join_group,francis2023_join_group,3,1.0000,0.0000,0.0000,0.0000,0.0000,10.3333,0.5533,1.0000,0.0241,,'-0.2496
ppo,ppo,leading_human,francis2023_leading_human,3,0.0000,0.0000,0.0000,0.0000,0.0000,0.0000,1.0000,1.0000,0.0100,,'-0.1011
ppo,ppo,leave_group,francis2023_leave_group,3,1.0000,0.0000,0.0000,0.0000,0.0000,21.0000,0.5500,1.0000,0.0621,,'-0.4028
ppo,ppo,narrow_doorway,francis2023_narrow_doorway,3,0.0000,1.0000,0.0000,0.0000,0.0000,0.0000,1.0000,1.0000,0.0000,,'-0.2239
ppo,ppo,narrow_hallway,francis2023_narrow_hallway,3,0.0000,0.6667,0.0000,0.0000,0.0000,0.3333,1.0000,1.0000,0.0216,,'-0.8555
ppo,ppo,parallel_traffic,francis2023_parallel_traffic,3,0.0000,0.0000,0.0000,0.0000,0.0000,2.6667,1.0000,1.0000,0.0700,,'-0.2849
ppo,ppo,pedestrian_obstruction,francis2023_pedestrian_obstruction,3,0.0000,0.0000,0.0000,0.0000,0.0000,0.0000,1.0000,1.0000,0.0000,,'-0.1077
ppo,ppo,pedestrian_overtaking,francis2023_pedestrian_overtaking,3,0.0000,0.0000,0.0000,0.0000,0.0000,0.0000,1.0000,1.0000,0.0800,,'-0.1235
ppo,ppo,perpendicular_traffic,francis2023_perpendicular_traffic,3,0.0000,0.0000,0.0000,0.0000,0.0000,5.3333,1.0000,1.0000,0.0081,,'-0.4478
ppo,ppo,robot_crowding,francis2023_robot_crowding,3,0.6667,0.0000,0.0000,0.0000,0.0000,0.0000,0.8967,0.8717,0.1516,,'-0.3745
ppo,ppo,robot_overtaking,francis2023_robot_overtaking,3,0.0000,0.0000,0.0000,0.0000,0.0000,7.3333,1.0000,1.0000,0.0000,,'-0.2848
prediction_planner,prediction_planner,bottleneck,classic_bottleneck_high,3,0.0000,0.3333,0.0000,0.0000,0.0000,0.0000,1.0000,1.0000,0.0000,,'-0.0949
prediction_planner,prediction_planner,bottleneck,classic_bottleneck_low,3,0.0000,0.3333,0.0000,0.0000,0.0000,0.0000,1.0000,1.0000,0.0000,,'-0.0949
prediction_planner,prediction_planner,bottleneck,classic_bottleneck_medium,3,0.0000,0.3333,0.0000,0.0000,0.0000,0.0000,1.0000,1.0000,0.0000,,'-0.0949
prediction_planner,prediction_planner,cross_trap,classic_cross_trap_high,3,0.0000,0.3333,0.0000,0.0000,0.0000,3.0000,1.0000,1.0000,0.2017,,'-0.1901
prediction_planner,prediction_planner,cross_trap,classic_cross_trap_low,3,0.0000,0.3333,0.0000,0.0000,0.0000,0.0000,1.0000,1.0000,0.0174,,'-0.1052
prediction_planner,prediction_planner,cross_trap,classic_cross_trap_medium,3,0.0000,0.3333,0.0000,0.0000,0.0000,0.3333,1.0000,1.0000,0.0133,,'-0.1160
prediction_planner,prediction_planner,doorway,classic_doorway_high,3,0.0000,0.0000,0.0000,0.0000,0.0000,28.0000,1.0000,1.0000,0.0185,,'-0.6418
prediction_planner,prediction_planner,doorway,classic_doorway_low,3,0.3333,0.3333,0.0000,0.0000,0.0000,29.0000,0.9367,1.0000,0.0259,,'-0.3326
prediction_planner,prediction_planner,doorway,classic_doorway_medium,3,0.3333,0.3333,0.0000,0.0000,0.0000,16.3333,0.9900,1.0000,0.0134,,'-0.2693
prediction_planner,prediction_planner,group_crossing,classic_group_crossing_high,3,0.0000,0.0000,0.0000,0.0000,0.0000,28.0000,1.0000,1.0000,0.0108,,'-0.4121
prediction_planner,prediction_planner,group_crossing,classic_group_crossing_low,3,0.0000,0.0000,0.0000,0.0000,0.0000,0.0000,1.0000,1.0000,0.0067,,'-0.0993
prediction_planner,prediction_planner,group_crossing,classic_group_crossing_medium,3,0.3333,0.3333,0.0000,0.0000,0.0000,3.0000,0.9967,1.0000,0.0271,,'-0.0982
prediction_planner,prediction_planner,head_on_corridor,classic_head_on_corridor_low,3,0.0000,0.0000,0.0000,0.0000,0.0000,8.0000,1.0000,1.0000,0.0083,,'-0.2028
prediction_planner,prediction_planner,head_on_corridor,classic_head_on_corridor_medium,3,0.0000,0.0000,0.0000,0.0000,0.0000,0.0000,1.0000,1.0000,0.0358,,'-0.1205
prediction_planner,prediction_planner,merging,classic_merging_low,3,0.0000,0.6667,0.0000,0.0000,0.0000,0.0000,1.0000,1.0000,0.0741,,'-0.1485
prediction_planner,prediction_planner,merging,classic_merging_medium,3,0.0000,1.0000,0.0000,0.0000,0.0000,0.0000,1.0000,1.0000,0.0310,,'-0.1283
prediction_planner,prediction_planner,overtaking,classic_overtaking_low,3,0.0000,0.0000,0.0000,0.0000,0.0000,0.0000,1.0000,1.0000,0.0500,,'-0.2198
prediction_planner,prediction_planner,overtaking,classic_overtaking_medium,3,0.0000,0.0000,0.0000,0.0000,0.0000,4.6667,1.0000,1.0000,0.0250,,'-0.3075
prediction_planner,prediction_planner,bottleneck,classic_realworld_double_bottleneck_high,3,0.0000,0.0000,0.0000,0.0000,0.0000,22.3333,1.0000,1.0000,0.0017,,'-0.3708
prediction_planner,prediction_planner,station_platform,classic_station_platform_medium,3,0.0000,0.3333,0.0000,0.0000,0.0000,38.0000,1.0000,1.0000,0.0151,,'-0.4428
prediction_planner,prediction_planner,t_intersection,classic_t_intersection_low,3,0.0000,0.3333,0.0000,0.0000,0.0000,0.0000,1.0000,1.0000,0.0316,,'-0.1416
prediction_planner,prediction_planner,t_intersection,classic_t_intersection_medium,3,0.0000,0.0000,0.0000,0.0000,0.0000,0.0000,1.0000,1.0000,0.0567,,'-0.1725
prediction_planner,prediction_planner,crossing,classic_urban_crossing_medium,3,0.0000,0.3333,0.0000,0.0000,0.0000,0.0000,1.0000,1.0000,0.0119,,'-0.1039
prediction_planner,prediction_planner,accompanying_peer,francis2023_accompanying_peer,3,0.0000,0.0000,0.0000,0.0000,0.0000,0.0000,1.0000,1.0000,0.0100,,'-0.0970
prediction_planner,prediction_planner,blind_corner,francis2023_blind_corner,3,0.0000,0.3333,0.0000,0.0000,0.0000,0.0000,1.0000,1.0000,0.0000,,'-0.0949
prediction_planner,prediction_planner,circular_crossing,francis2023_circular_crossing,3,0.6667,0.3333,0.0000,0.0000,0.0000,1.3333,0.8267,1.0000,0.1925,,'-0.0217
prediction_planner,prediction_planner,crowd_navigation,francis2023_crowd_navigation,3,0.0000,0.0000,0.0000,0.0000,0.0000,24.3333,1.0000,1.0000,0.0833,,'-0.4837
prediction_planner,prediction_planner,down_path,francis2023_down_path,3,0.0000,0.0000,0.0000,0.0000,0.0000,0.0000,1.0000,1.0000,0.0000,,'-0.0949
prediction_planner,prediction_planner,entering_elevator,francis2023_entering_elevator,3,0.6667,0.3333,0.0000,0.0000,0.0000,0.0000,0.7000,1.0000,0.0000,,0.0605
prediction_planner,prediction_planner,entering_room,francis2023_entering_room,3,0.6667,0.3333,0.0000,0.0000,0.0000,0.0000,0.9400,1.0000,0.0000,,0.0378
prediction_planner,prediction_planner,exiting_elevator,francis2023_exiting_elevator,3,0.3333,0.3333,0.0000,0.0000,0.0000,27.0000,0.9733,1.0000,0.0000,,'-0.2445
prediction_planner,prediction_planner,exiting_room,francis2023_exiting_room,3,0.0000,0.3333,0.0000,0.0000,0.0000,0.0000,1.0000,1.0000,0.0000,,'-0.0952
prediction_planner,prediction_planner,following_human,francis2023_following_human,3,0.0000,0.0000,0.0000,0.0000,0.0000,2.3333,1.0000,1.0000,0.0100,,'-0.1313
prediction_planner,prediction_planner,frontal_approach,francis2023_frontal_approach,3,0.0000,0.0000,0.0000,0.0000,0.0000,0.0000,1.0000,1.0000,0.0000,,'-0.0949
prediction_planner,prediction_planner,intersection_no_gesture,francis2023_intersection_no_gesture,3,0.0000,0.0000,0.0000,0.0000,0.0000,0.0000,1.0000,1.0000,0.0000,,'-0.0949
prediction_planner,prediction_planner,intersection_proceed,francis2023_intersection_proceed,3,0.0000,0.0000,0.0000,0.0000,0.0000,0.0000,1.0000,1.0000,0.0000,,'-0.0949
prediction_planner,prediction_planner,intersection_wait,francis2023_intersection_wait,3,0.0000,0.0000,0.0000,0.0000,0.0000,0.0000,1.0000,1.0000,0.0000,,'-0.0949
prediction_planner,prediction_planner,join_group,francis2023_join_group,3,0.0000,0.3333,0.0000,0.0000,0.0000,25.6667,1.0000,1.0000,0.0655,,'-0.3726
prediction_planner,prediction_planner,leading_human,francis2023_leading_human,3,0.0000,0.0000,0.0000,0.0000,0.0000,0.0000,1.0000,1.0000,0.0100,,'-0.0970
prediction_planner,prediction_planner,leave_group,francis2023_leave_group,3,0.0000,0.3333,0.0000,0.0000,0.0000,48.3333,1.0000,1.0000,0.1190,,'-0.4519
prediction_planner,prediction_planner,narrow_doorway,francis2023_narrow_doorway,3,0.0000,1.0000,0.0000,0.0000,0.0000,0.0000,1.0000,1.0000,0.0000,,'-0.0949
prediction_planner,prediction_planner,narrow_hallway,francis2023_narrow_hallway,3,0.0000,0.0000,0.0000,0.0000,0.0000,3.6667,1.0000,1.0000,0.0200,,'-0.1545
prediction_planner,prediction_planner,parallel_traffic,francis2023_parallel_traffic,3,0.0000,0.0000,0.0000,0.0000,0.0000,6.3333,1.0000,1.0000,0.0671,,'-0.2654
prediction_planner,prediction_planner,pedestrian_obstruction,francis2023_pedestrian_obstruction,3,0.0000,0.0000,0.0000,0.0000,0.0000,0.0000,1.0000,1.0000,0.0000,,'-0.0949
prediction_planner,prediction_planner,pedestrian_overtaking,francis2023_pedestrian_overtaking,3,0.0000,0.0000,0.0000,0.0000,0.0000,0.0000,1.0000,1.0000,0.0667,,'-0.1149
prediction_planner,prediction_planner,perpendicular_traffic,francis2023_perpendicular_traffic,3,0.0000,0.0000,0.0000,0.0000,0.0000,21.6667,1.0000,1.0000,0.0081,,'-0.3007
prediction_planner,prediction_planner,robot_crowding,francis2023_robot_crowding,3,0.0000,0.6667,0.0000,0.0000,0.0000,25.6667,1.0000,1.0000,0.2026,,'-0.4728
prediction_planner,prediction_planner,robot_overtaking,francis2023_robot_overtaking,3,0.0000,0.0000,0.0000,0.0000,0.0000,34.6667,1.0000,1.0000,0.0867,,'-0.4645
sacadrl,sacadrl,bottleneck,classic_bottleneck_high,3,0.0000,0.3333,0.0000,0.0000,0.0000,0.0000,1.0000,1.0000,0.0000,,'-0.1360
sacadrl,sacadrl,bottleneck,classic_bottleneck_low,3,0.0000,0.0000,0.0000,0.0000,0.0000,0.0000,1.0000,1.0000,0.0000,,'-0.1233
sacadrl,sacadrl,bottleneck,classic_bottleneck_medium,3,0.0000,0.6667,0.0000,0.0000,0.0000,0.0000,1.0000,1.0000,0.0000,,'-0.1652
sacadrl,sacadrl,cross_trap,classic_cross_trap_high,3,0.0000,0.3333,0.0000,0.0000,0.0000,16.6667,1.0000,1.0000,0.2075,,'-0.3269
sacadrl,sacadrl,cross_trap,classic_cross_trap_low,3,0.0000,0.3333,0.0000,0.0000,0.0000,5.3333,1.0000,1.0000,0.0422,,'-0.2035
sacadrl,sacadrl,cross_trap,classic_cross_trap_medium,3,0.0000,0.0000,0.0000,0.0000,0.0000,21.0000,1.0000,1.0000,0.0275,,'-0.2760
sacadrl,sacadrl,doorway,classic_doorway_high,3,0.0000,1.0000,0.0000,0.0000,0.0000,3.6667,1.0000,1.0000,0.0069,,'-0.2590
sacadrl,sacadrl,doorway,classic_doorway_low,3,0.0000,1.0000,0.0000,0.0000,0.0000,6.6667,1.0000,1.0000,0.0260,,'-0.3005
sacadrl,sacadrl,doorway,classic_doorway_medium,3,0.0000,1.0000,0.0000,0.0000,0.0000,1.3333,1.0000,1.0000,0.0082,,'-0.2755
sacadrl,sacadrl,group_crossing,classic_group_crossing_high,3,0.0000,0.0000,0.0000,0.0000,0.0000,14.3333,1.0000,1.0000,0.0242,,'-0.3315
sacadrl,sacadrl,group_crossing,classic_group_crossing_low,3,0.0000,0.0000,0.0000,0.0000,0.0000,5.6667,1.0000,1.0000,0.0067,,'-0.1948
sacadrl,sacadrl,group_crossing,classic_group_crossing_medium,3,0.0000,0.3333,0.0000,0.0000,0.0000,2.6667,1.0000,1.0000,0.0280,,'-0.1713
sacadrl,sacadrl,head_on_corridor,classic_head_on_corridor_low,3,0.0000,0.0000,0.0000,0.0000,0.0000,0.0000,1.0000,1.0000,0.0083,,'-0.4155
sacadrl,sacadrl,head_on_corridor,classic_head_on_corridor_medium,3,0.0000,0.0000,0.0000,0.0000,0.0000,1.3333,1.0000,1.0000,0.0358,,'-0.3834
sacadrl,sacadrl,merging,classic_merging_low,3,0.0000,0.0000,0.0000,0.0000,0.0000,0.0000,1.0000,1.0000,0.0678,,'-0.1489
sacadrl,sacadrl,merging,classic_merging_medium,3,0.0000,0.0000,0.0000,0.0000,0.0000,0.0000,1.0000,1.0000,0.0333,,'-0.1430
sacadrl,sacadrl,overtaking,classic_overtaking_low,3,0.0000,0.0000,0.0000,0.0000,0.0000,2.6667,1.0000,1.0000,0.0500,,'-0.4176
sacadrl,sacadrl,overtaking,classic_overtaking_medium,3,0.0000,0.0000,0.0000,0.0000,0.0000,5.0000,1.0000,1.0000,0.0250,,'-0.4872
sacadrl,sacadrl,bottleneck,classic_realworld_double_bottleneck_high,3,0.0000,0.6667,0.0000,0.0000,0.0000,6.3333,1.0000,1.0000,0.0000,,'-0.2053
sacadrl,sacadrl,station_platform,classic_station_platform_medium,3,0.0000,0.3333,0.0000,0.0000,0.0000,11.6667,1.0000,1.0000,0.0135,,'-0.2359
sacadrl,sacadrl,t_intersection,classic_t_intersection_low,3,0.0000,0.0000,0.0000,0.0000,0.0000,0.0000,1.0000,1.0000,0.0283,,'-0.1098
sacadrl,sacadrl,t_intersection,classic_t_intersection_medium,3,0.0000,0.0000,0.0000,0.0000,0.0000,0.0000,1.0000,1.0000,0.0567,,'-0.1417
sacadrl,sacadrl,crossing,classic_urban_crossing_medium,3,0.0000,1.0000,0.0000,0.0000,0.0000,0.0000,1.0000,1.0000,0.0223,,'-0.8109
sacadrl,sacadrl,accompanying_peer,francis2023_accompanying_peer,3,0.0000,1.0000,0.0000,0.0000,0.0000,0.0000,1.0000,1.0000,0.0218,,'-0.4631
sacadrl,sacadrl,blind_corner,francis2023_blind_corner,3,0.0000,0.0000,0.0000,0.0000,0.0000,0.0000,1.0000,1.0000,0.0000,,'-0.1329
sacadrl,sacadrl,circular_crossing,francis2023_circular_crossing,3,0.0000,0.3333,0.0000,0.0000,0.0000,1.3333,1.0000,1.0000,0.1856,,'-0.1861
sacadrl,sacadrl,crowd_navigation,francis2023_crowd_navigation,3,0.0000,0.0000,0.0000,0.0000,0.0000,0.0000,1.0000,1.0000,0.0826,,'-0.1748
sacadrl,sacadrl,down_path,francis2023_down_path,3,0.0000,1.0000,0.0000,0.0000,0.0000,0.0000,1.0000,1.0000,0.0000,,'-0.4862
sacadrl,sacadrl,entering_elevator,francis2023_entering_elevator,3,0.0000,1.0000,0.0000,0.0000,0.0000,0.0000,1.0000,1.0000,0.0000,,'-0.1000
sacadrl,sacadrl,entering_room,francis2023_entering_room,3,0.0000,1.0000,0.0000,0.0000,0.0000,0.0000,1.0000,1.0000,0.0000,,'-0.1037
sacadrl,sacadrl,exiting_elevator,francis2023_exiting_elevator,3,0.0000,0.0000,0.0000,0.0000,0.0000,21.0000,1.0000,1.0000,0.0000,,'-0.4572
sacadrl,sacadrl,exiting_room,francis2023_exiting_room,3,0.0000,0.0000,0.0000,0.0000,0.0000,0.0000,1.0000,1.0000,0.0000,,'-0.0966
sacadrl,sacadrl,following_human,francis2023_following_human,3,0.0000,1.0000,0.0000,0.0000,0.0000,0.0000,1.0000,1.0000,0.0233,,'-0.5578
sacadrl,sacadrl,frontal_approach,francis2023_frontal_approach,3,0.0000,1.0000,0.0000,0.0000,0.0000,0.0000,1.0000,1.0000,0.0000,,'-0.6572
sacadrl,sacadrl,intersection_no_gesture,francis2023_intersection_no_gesture,3,0.0000,0.0000,0.0000,0.0000,0.0000,0.0000,1.0000,1.0000,0.0000,,'-0.1049
sacadrl,sacadrl,intersection_proceed,francis2023_intersection_proceed,3,0.0000,0.0000,0.0000,0.0000,0.0000,0.0000,1.0000,1.0000,0.0000,,'-0.1049
sacadrl,sacadrl,intersection_wait,francis2023_intersection_wait,3,0.0000,0.0000,0.0000,0.0000,0.0000,0.0000,1.0000,1.0000,0.0000,,'-0.1049
sacadrl,sacadrl,join_group,francis2023_join_group,3,0.0000,1.0000,0.0000,0.0000,0.0000,6.3333,1.0000,1.0000,0.0155,,'-0.2059
sacadrl,sacadrl,leading_human,francis2023_leading_human,3,0.0000,1.0000,0.0000,0.0000,0.0000,0.0000,1.0000,1.0000,0.0194,,'-0.3579
sacadrl,sacadrl,leave_group,francis2023_leave_group,3,0.0000,1.0000,0.0000,0.0000,0.0000,18.6667,1.0000,1.0000,0.0388,,'-0.3950
sacadrl,sacadrl,narrow_doorway,francis2023_narrow_doorway,3,0.0000,0.3333,0.0000,0.0000,0.0000,0.0000,1.0000,1.0000,0.0000,,'-0.1615
sacadrl,sacadrl,narrow_hallway,francis2023_narrow_hallway,3,0.0000,0.0000,0.0000,0.0000,0.0000,0.0000,1.0000,1.0000,0.0200,,'-0.1306
sacadrl,sacadrl,parallel_traffic,francis2023_parallel_traffic,3,0.0000,0.0000,0.0000,0.0000,0.0000,0.0000,1.0000,1.0000,0.0675,,'-0.3570
sacadrl,sacadrl,pedestrian_obstruction,francis2023_pedestrian_obstruction,3,0.0000,1.0000,0.0000,0.0000,0.0000,0.0000,1.0000,1.0000,0.0000,,'-0.7168
sacadrl,sacadrl,pedestrian_overtaking,francis2023_pedestrian_overtaking,3,0.0000,0.0000,0.0000,0.0000,0.0000,0.0000,1.0000,1.0000,0.0633,,'-0.1519
sacadrl,sacadrl,perpendicular_traffic,francis2023_perpendicular_traffic,3,0.0000,0.3333,0.0000,0.0000,0.0000,5.6667,1.0000,1.0000,0.0081,,'-0.2142
sacadrl,sacadrl,robot_crowding,francis2023_robot_crowding,3,0.0000,0.6667,0.0000,0.0000,0.0000,14.0000,1.0000,1.0000,0.1878,,'-0.4750
sacadrl,sacadrl,robot_overtaking,francis2023_robot_overtaking,3,0.0000,0.0000,0.0000,0.0000,0.0000,0.0000,1.0000,1.0000,0.0000,,'-0.4437
social_force,social_force,bottleneck,classic_bottleneck_high,3,0.0000,0.0000,0.0000,0.0000,0.0000,0.0000,1.0000,0.6594,0.0000,,'-0.9193
social_force,social_force,bottleneck,classic_bottleneck_low,3,0.0000,0.0000,0.0000,0.0000,0.0000,0.0000,1.0000,0.6593,0.0000,,'-0.9194
social_force,social_force,bottleneck,classic_bottleneck_medium,3,0.0000,0.0000,0.0000,0.0000,0.0000,0.0000,1.0000,0.6595,0.0000,,'-0.9196
social_force,social_force,cross_trap,classic_cross_trap_high,3,0.0000,0.3333,0.0000,0.0000,0.0000,2.3333,1.0000,1.0000,0.2028,,'-0.5495
social_force,social_force,cross_trap,classic_cross_trap_low,3,0.0000,0.0000,0.0000,0.0000,0.0000,4.0000,1.0000,1.0000,0.0211,,'-0.4898
social_force,social_force,cross_trap,classic_cross_trap_medium,3,0.0000,0.0000,0.0000,0.0000,0.0000,9.6667,1.0000,1.0000,0.0133,,'-0.5851
social_force,social_force,doorway,classic_doorway_high,3,0.0000,0.0000,0.0000,0.0000,0.0000,0.0000,1.0000,1.0000,0.0048,,'-1.1123
social_force,social_force,doorway,classic_doorway_low,3,0.0000,0.0000,0.0000,0.0000,0.0000,0.0000,1.0000,1.0000,0.0211,,'-1.1190
social_force,social_force,doorway,classic_doorway_medium,3,0.0000,0.0000,0.0000,0.0000,0.0000,0.0000,1.0000,1.0000,0.0061,,'-1.1127
social_force,social_force,group_crossing,classic_group_crossing_high,3,0.0000,0.0000,0.0000,0.0000,0.0000,0.0000,1.0000,0.6524,0.0108,,'-1.1209
social_force,social_force,group_crossing,classic_group_crossing_low,3,0.0000,0.0000,0.0000,0.0000,0.0000,0.0000,1.0000,0.4883,0.0067,,'-1.1170
social_force,social_force,group_crossing,classic_group_crossing_medium,3,0.0000,0.0000,0.0000,0.0000,0.0000,0.0000,1.0000,0.7917,0.0267,,'-1.1279
social_force,social_force,head_on_corridor,classic_head_on_corridor_low,3,0.0000,0.0000,0.0000,0.0000,0.0000,0.0000,1.0000,1.0000,0.0083,,'-0.0992
social_force,social_force,head_on_corridor,classic_head_on_corridor_medium,3,0.0000,0.3333,0.0000,0.0000,0.0000,5.0000,1.0000,1.0000,0.0359,,'-0.1944
social_force,social_force,merging,classic_merging_low,3,0.0000,0.0000,0.0000,0.0000,0.0000,0.0000,1.0000,1.0000,0.0678,,'-0.3966
social_force,social_force,merging,classic_merging_medium,3,0.0000,0.0000,0.0000,0.0000,0.0000,0.0000,1.0000,1.0000,0.0333,,'-0.5235
social_force,social_force,overtaking,classic_overtaking_low,3,0.0000,0.0000,0.0000,0.0000,0.0000,0.0000,1.0000,0.9321,0.0500,,'-1.0783
social_force,social_force,overtaking,classic_overtaking_medium,3,0.0000,0.0000,0.0000,0.0000,0.0000,0.0000,1.0000,0.9486,0.0250,,'-1.1378
social_force,social_force,bottleneck,classic_realworld_double_bottleneck_high,3,0.0000,0.0000,0.0000,0.0000,0.0000,0.0000,1.0000,1.0000,0.0000,,'-1.1085
social_force,social_force,station_platform,classic_station_platform_medium,3,0.0000,0.0000,0.0000,0.0000,0.0000,0.0000,1.0000,1.0000,0.0082,,'-1.1424
social_force,social_force,t_intersection,classic_t_intersection_low,3,0.0000,0.0000,0.0000,0.0000,0.0000,0.0000,1.0000,1.0000,0.0283,,'-0.9285
social_force,social_force,t_intersection,classic_t_intersection_medium,3,0.0000,0.0000,0.0000,0.0000,0.0000,2.0000,1.0000,1.0000,0.0567,,'-1.0933
social_force,social_force,crossing,classic_urban_crossing_medium,3,0.0000,0.0000,0.0000,0.0000,0.0000,0.0000,1.0000,1.0000,0.0113,,'-0.8961
social_force,social_force,accompanying_peer,francis2023_accompanying_peer,3,0.0000,1.0000,0.0000,0.0000,0.0000,3.0000,1.0000,1.0000,0.1152,,'-0.7384
social_force,social_force,blind_corner,francis2023_blind_corner,3,0.0000,0.0000,0.0000,0.0000,0.0000,0.0000,1.0000,1.0000,0.0000,,'-0.8977
social_force,social_force,circular_crossing,francis2023_circular_crossing,3,0.0000,0.3333,0.0000,0.0000,0.0000,0.6667,1.0000,1.0000,0.1856,,'-0.8265
social_force,social_force,crowd_navigation,francis2023_crowd_navigation,3,0.0000,0.6667,0.0000,0.0000,0.0000,4.6667,1.0000,1.0000,0.0869,,'-0.2341
social_force,social_force,down_path,francis2023_down_path,3,0.0000,0.0000,0.0000,0.0000,0.0000,12.6667,1.0000,0.7408,0.0000,,'-1.1426
social_force,social_force,entering_elevator,francis2023_entering_elevator,3,0.0000,0.0000,0.0000,0.0000,0.0000,0.0000,1.0000,0.9082,0.0000,,'-1.1273
social_force,social_force,entering_room,francis2023_entering_room,3,0.0000,0.0000,0.0000,0.0000,0.0000,0.0000,1.0000,1.0000,0.0000,,'-1.1060
social_force,social_force,exiting_elevator,francis2023_exiting_elevator,3,0.0000,1.0000,0.0000,0.0000,0.0000,2.3333,1.0000,1.0000,0.0000,,'-1.1811
social_force,social_force,exiting_room,francis2023_exiting_room,3,0.0000,0.0000,0.0000,0.0000,0.0000,0.0000,1.0000,0.5190,0.0000,,'-1.0187
social_force,social_force,following_human,francis2023_following_human,3,0.0000,1.0000,0.0000,0.0000,0.0000,10.0000,1.0000,0.9782,0.4106,,'-1.1677
social_force,social_force,frontal_approach,francis2023_frontal_approach,3,0.0000,0.0000,0.0000,0.0000,0.0000,0.0000,1.0000,1.0000,0.0000,,'-0.7572
social_force,social_force,intersection_no_gesture,francis2023_intersection_no_gesture,3,0.0000,0.0000,0.0000,0.0000,0.0000,0.0000,1.0000,1.0000,0.0000,,'-1.0361
social_force,social_force,intersection_proceed,francis2023_intersection_proceed,3,0.0000,0.0000,0.0000,0.0000,0.0000,0.0000,1.0000,1.0000,0.0000,,'-1.0361
social_force,social_force,intersection_wait,francis2023_intersection_wait,3,0.0000,0.0000,0.0000,0.0000,0.0000,0.0000,1.0000,1.0000,0.0000,,'-1.0361
social_force,social_force,join_group,francis2023_join_group,3,0.0000,1.0000,0.0000,0.0000,0.0000,5.0000,1.0000,1.0000,0.0141,,'-0.1762
social_force,social_force,leading_human,francis2023_leading_human,3,0.0000,1.0000,0.0000,0.0000,0.0000,3.0000,1.0000,1.0000,0.1152,,'-0.7384
social_force,social_force,leave_group,francis2023_leave_group,3,0.0000,1.0000,0.0000,0.0000,0.0000,8.3333,1.0000,1.0000,0.0061,,'-0.2259
social_force,social_force,narrow_doorway,francis2023_narrow_doorway,3,0.0000,0.0000,0.0000,0.0000,0.0000,0.0000,1.0000,1.0000,0.0000,,'-1.1425
social_force,social_force,narrow_hallway,francis2023_narrow_hallway,3,0.0000,0.0000,0.0000,0.0000,0.0000,0.0000,1.0000,1.0000,0.0200,,'-0.8720
social_force,social_force,parallel_traffic,francis2023_parallel_traffic,3,0.0000,0.0000,0.0000,0.0000,0.0000,14.0000,1.0000,1.0000,0.0700,,'-1.0210
social_force,social_force,pedestrian_obstruction,francis2023_pedestrian_obstruction,3,0.0000,0.0000,0.0000,0.0000,0.0000,0.0000,1.0000,1.0000,0.0000,,'-0.7576
social_force,social_force,pedestrian_overtaking,francis2023_pedestrian_overtaking,3,0.0000,0.0000,0.0000,0.0000,0.0000,0.0000,1.0000,1.0000,0.0767,,'-0.7664
social_force,social_force,perpendicular_traffic,francis2023_perpendicular_traffic,3,0.0000,0.3333,0.0000,0.0000,0.0000,7.0000,1.0000,1.0000,0.0101,,'-1.0551
social_force,social_force,robot_crowding,francis2023_robot_crowding,3,0.0000,1.0000,0.0000,0.0000,0.0000,11.0000,1.0000,1.0000,0.2366,,'-0.3734
social_force,social_force,robot_overtaking,francis2023_robot_overtaking,3,0.0000,1.0000,0.0000,0.0000,0.0000,7.0000,1.0000,1.0000,0.1022,,'-0.8422
socnav_sampling,socnav_sampling,bottleneck,classic_bottleneck_high,3,0.0000,0.6667,0.0000,0.0000,0.0000,5.3333,1.0000,1.0000,0.0011,,'-0.1814
socnav_sampling,socnav_sampling,bottleneck,classic_bottleneck_low,3,0.0000,0.0000,0.0000,0.0000,0.0000,0.0000,1.0000,1.0000,0.0000,,'-0.0949
socnav_sampling,socnav_sampling,bottleneck,classic_bottleneck_medium,3,0.0000,1.0000,0.0000,0.0000,0.0000,3.0000,1.0000,1.0000,0.0103,,'-0.1408
socnav_sampling,socnav_sampling,cross_trap,classic_cross_trap_high,3,0.0000,1.0000,0.0000,0.0000,0.0000,1.6667,1.0000,1.0000,0.2046,,'-0.2243
socnav_sampling,socnav_sampling,cross_trap,classic_cross_trap_low,3,0.0000,0.6667,0.0000,0.0000,0.0000,1.0000,1.0000,1.0000,0.0224,,'-0.1259
socnav_sampling,socnav_sampling,cross_trap,classic_cross_trap_medium,3,0.0000,1.0000,0.0000,0.0000,0.0000,0.0000,1.0000,1.0000,0.0163,,'-0.1446
socnav_sampling,socnav_sampling,doorway,classic_doorway_high,3,0.0000,1.0000,0.0000,0.0000,0.0000,0.0000,1.0000,1.0000,0.0108,,'-0.2237
socnav_sampling,socnav_sampling,doorway,classic_doorway_low,3,0.0000,1.0000,0.0000,0.0000,0.0000,2.0000,1.0000,1.0000,0.0521,,'-0.1741
socnav_sampling,socnav_sampling,doorway,classic_doorway_medium,3,0.0000,1.0000,0.0000,0.0000,0.0000,1.0000,1.0000,1.0000,0.0159,,'-0.1891
socnav_sampling,socnav_sampling,group_crossing,classic_group_crossing_high,3,0.3333,0.6667,0.0000,0.0000,0.0000,1.3333,0.9600,1.0000,0.0304,,'-0.0792
socnav_sampling,socnav_sampling,group_crossing,classic_group_crossing_low,3,0.6667,0.3333,0.0000,0.0000,0.0000,0.0000,0.9033,1.0000,0.0078,,0.0228
socnav_sampling,socnav_sampling,group_crossing,classic_group_crossing_medium,3,0.6667,0.3333,0.0000,0.0000,0.0000,1.0000,0.8867,1.0000,0.0319,,'-0.0127
socnav_sampling,socnav_sampling,head_on_corridor,classic_head_on_corridor_low,3,0.0000,0.3333,0.0000,0.0000,0.0000,1.3333,1.0000,1.0000,0.0108,,'-0.1183
socnav_sampling,socnav_sampling,head_on_corridor,classic_head_on_corridor_medium,3,0.0000,0.6667,0.0000,0.0000,0.0000,1.6667,1.0000,1.0000,0.0412,,'-0.1637
socnav_sampling,socnav_sampling,merging,classic_merging_low,3,0.0000,1.0000,0.0000,0.0000,0.0000,0.0000,1.0000,1.0000,0.0627,,'-0.1227
socnav_sampling,socnav_sampling,merging,classic_merging_medium,3,0.0000,1.0000,0.0000,0.0000,0.0000,2.6667,1.0000,1.0000,0.0449,,'-0.2237
socnav_sampling,socnav_sampling,overtaking,classic_overtaking_low,3,0.0000,0.0000,0.0000,0.0000,0.0000,0.0000,1.0000,1.0000,0.0500,,'-0.2055
socnav_sampling,socnav_sampling,overtaking,classic_overtaking_medium,3,0.0000,0.3333,0.0000,0.0000,0.0000,6.0000,1.0000,1.0000,0.0232,,'-0.3913
socnav_sampling,socnav_sampling,bottleneck,classic_realworld_double_bottleneck_high,3,0.0000,1.0000,0.0000,0.0000,0.0000,17.6667,1.0000,0.8388,0.0189,,'-0.6735
socnav_sampling,socnav_sampling,station_platform,classic_station_platform_medium,3,0.0000,1.0000,0.0000,0.0000,0.0000,0.0000,1.0000,1.0000,0.0238,,'-0.3610
socnav_sampling,socnav_sampling,t_intersection,classic_t_intersection_low,3,0.0000,0.3333,0.0000,0.0000,0.0000,0.0000,1.0000,1.0000,0.0283,,'-0.1603
socnav_sampling,socnav_sampling,t_intersection,classic_t_intersection_medium,3,0.0000,0.3333,0.0000,0.0000,0.0000,1.3333,1.0000,1.0000,0.0580,,'-0.2067
socnav_sampling,socnav_sampling,crossing,classic_urban_crossing_medium,3,0.0000,0.6667,0.0000,0.0000,0.0000,1.0000,1.0000,1.0000,0.0137,,'-0.1195
socnav_sampling,socnav_sampling,accompanying_peer,francis2023_accompanying_peer,3,0.0000,0.3333,0.0000,0.0000,0.0000,0.0000,1.0000,1.0000,0.0141,,'-0.0974
socnav_sampling,socnav_sampling,blind_corner,francis2023_blind_corner,3,0.0000,0.0000,0.0000,0.0000,0.0000,0.0000,1.0000,1.0000,0.0000,,'-0.0949
socnav_sampling,socnav_sampling,circular_crossing,francis2023_circular_crossing,3,0.6667,0.3333,0.0000,0.0000,0.0000,0.6667,0.7367,0.9907,0.1948,,'-0.0222
socnav_sampling,socnav_sampling,crowd_navigation,francis2023_crowd_navigation,3,0.0000,0.6667,0.0000,0.0000,0.0000,0.0000,1.0000,1.0000,0.0885,,'-0.2123
socnav_sampling,socnav_sampling,down_path,francis2023_down_path,3,0.0000,1.0000,0.0000,0.0000,0.0000,0.0000,1.0000,1.0000,0.0000,,'-0.0949
socnav_sampling,socnav_sampling,entering_elevator,francis2023_entering_elevator,3,1.0000,0.0000,0.0000,0.0000,0.0000,0.0000,0.4367,1.0000,0.0000,,0.1490
socnav_sampling,socnav_sampling,entering_room,francis2023_entering_room,3,1.0000,0.0000,0.0000,0.0000,0.0000,0.0000,0.7400,1.0000,0.0000,,0.1202
socnav_sampling,socnav_sampling,exiting_elevator,francis2023_exiting_elevator,3,0.0000,1.0000,0.0000,0.0000,0.0000,2.0000,1.0000,1.0000,0.0194,,'-0.1278
socnav_sampling,socnav_sampling,exiting_room,francis2023_exiting_room,3,1.0000,0.0000,0.0000,0.0000,0.0000,0.0000,0.8267,1.0000,0.0000,,0.1120
socnav_sampling,socnav_sampling,following_human,francis2023_following_human,3,0.0000,1.0000,0.0000,0.0000,0.0000,0.0000,1.0000,1.0000,0.0205,,'-0.1022
socnav_sampling,socnav_sampling,frontal_approach,francis2023_frontal_approach,3,0.0000,0.0000,0.0000,0.0000,0.0000,0.0000,1.0000,1.0000,0.0000,,'-0.0949
socnav_sampling,socnav_sampling,intersection_no_gesture,francis2023_intersection_no_gesture,3,0.3333,0.0000,0.0000,0.0000,0.0000,0.0000,0.9967,1.0000,0.0000,,'-0.0311
socnav_sampling,socnav_sampling,intersection_proceed,francis2023_intersection_proceed,3,0.3333,0.0000,0.0000,0.0000,0.0000,0.0000,0.9967,1.0000,0.0000,,'-0.0311
socnav_sampling,socnav_sampling,intersection_wait,francis2023_intersection_wait,3,0.3333,0.0000,0.0000,0.0000,0.0000,0.0000,0.9967,1.0000,0.0000,,'-0.0311
socnav_sampling,socnav_sampling,join_group,francis2023_join_group,3,1.0000,0.0000,0.0000,0.0000,0.0000,0.0000,0.5933,1.0000,0.0000,,0.1256
socnav_sampling,socnav_sampling,leading_human,francis2023_leading_human,3,0.0000,0.3333,0.0000,0.0000,0.0000,0.0000,1.0000,1.0000,0.0130,,'-0.0972
socnav_sampling,socnav_sampling,leave_group,francis2023_leave_group,3,1.0000,0.0000,0.0000,0.0000,0.0000,3.3333,0.6633,0.9040,0.0000,,'-0.0795
socnav_sampling,socnav_sampling,narrow_doorway,francis2023_narrow_doorway,3,0.0000,1.0000,0.0000,0.0000,0.0000,0.0000,1.0000,1.0000,0.0000,,'-0.0949
socnav_sampling,socnav_sampling,narrow_hallway,francis2023_narrow_hallway,3,0.0000,1.0000,0.0000,0.0000,0.0000,2.0000,1.0000,1.0000,0.0323,,'-0.1324
socnav_sampling,socnav_sampling,parallel_traffic,francis2023_parallel_traffic,3,0.0000,0.6667,0.0000,0.0000,0.0000,0.0000,1.0000,1.0000,0.1368,,'-0.2642
socnav_sampling,socnav_sampling,pedestrian_obstruction,francis2023_pedestrian_obstruction,3,0.0000,0.3333,0.0000,0.0000,0.0000,2.0000,1.0000,1.0000,0.0100,,'-0.1265
socnav_sampling,socnav_sampling,pedestrian_overtaking,francis2023_pedestrian_overtaking,3,0.0000,0.0000,0.0000,0.0000,0.0000,0.0000,1.0000,1.0000,0.0800,,'-0.1192
socnav_sampling,socnav_sampling,perpendicular_traffic,francis2023_perpendicular_traffic,3,0.0000,1.0000,0.0000,0.0000,0.0000,1.0000,1.0000,1.0000,0.0421,,'-0.1764
socnav_sampling,socnav_sampling,robot_crowding,francis2023_robot_crowding,3,0.0000,1.0000,0.0000,0.0000,0.0000,0.0000,1.0000,0.8710,0.2634,,'-0.6023
socnav_sampling,socnav_sampling,robot_overtaking,francis2023_robot_overtaking,3,0.0000,0.3333,0.0000,0.0000,0.0000,8.6667,1.0000,1.0000,0.0479,,'-0.2336
